{
  "none": {
    "meanR2": 0.18103925533568072,
    "medR2": 0.449098019914554,
    "tier_exact": 0.6118333129532427,
    "site54_r2": -1.635830291396494,
    "site54_tier": 0.13507109004739337
  },
  "geo_rf": {
    "meanR2": 0.02725877229327444,
    "medR2": 0.4446442907189986,
    "tier_exact": 0.6047237560511818,
    "site54_r2": -1.7843170463781912,
    "site54_tier": 0.13270142180094788
  },
  "geo_knn": {
    "meanR2": 0.00993537478711401,
    "medR2": 0.32681680257766166,
    "tier_exact": 0.5926131728943813,
    "site54_r2": -1.7843170463781912,
    "site54_tier": 0.13270142180094788
  },
  "geoclim_knn": {
    "meanR2": -0.07472391545881453,
    "medR2": 0.32681680257766155,
    "tier_exact": 0.5641430636106287,
    "site54_r2": -1.7843170463781912,
    "site54_tier": 0.13270142180094788
  },
  "true": {
    "meanR2": 0.40625846072457505,
    "medR2": 0.42266231257723996,
    "tier_exact": 0.6710113924911113,
    "site54_r2": -0.1627213137786645,
    "site54_tier": 0.4881516587677725
  }
}