{"geo_feats": ["dist_major_road_m", "road_len_all_300m", "road_len_all_1000m", "road_len_major_500m", "elevation_m"], "clim_feats": ["temp_mean", "humidity_mean", "windspeed_mean", "precip_mean"], "mean": {"dist_major_road_m": 447.46410256410263, "road_len_all_300m": 4073.0717948717947, "road_len_all_1000m": 43778.71538461539, "road_len_major_500m": 1405.2589743589742, "elevation_m": 1183.4871794871794, "temp_mean": 22.140408535953885, "humidity_mean": 81.2203125126411, "windspeed_mean": 1.569282154269349, "precip_mean": 0.8451125317862733}, "std": {"dist_major_road_m": 465.37965061203386, "road_len_all_300m": 1464.5712537604413, "road_len_all_1000m": 12947.989073283248, "road_len_major_500m": 1468.9034353840727, "elevation_m": 23.469881926094796, "temp_mean": 0.3000848964982357, "humidity_mean": 1.4971446073502768, "windspeed_mean": 0.15907330462919517, "precip_mean": 0.07049912855322218}, "k": 5, "danger_features": ["rel_humidity", "dewpoint_2m_K"], "categorizer": {"features": ["pm25_mean", "pm25_std", "pm25_p90", "pm25_season_amp", "temp_mean", "humidity_mean", "windspeed_mean", "precip_mean"], "scaler_mean": [37.71969871657909, 15.728829057345497, 58.19261336745199, 35.62035675800092, 22.140408535953885, 81.2203125126411, 1.5692821542693487, 0.8451125317862733], "scaler_scale": [9.333700239466882, 4.127270296802351, 14.201645051223933, 11.15520289105012, 0.29621267108934785, 1.4778258030485236, 0.15702065986350117, 0.0695894242659561], "centroids": [[-0.6439873644375084, -0.6139385992490045, -0.6686894737641927, -0.5414076111143223, 0.30107280813939097, -0.2665229764852711, 0.31256355875909303, -0.09227215556508747], [1.0513369724214416, 0.9556919924976601, 1.0685659876423548, 0.9319891790758357, 0.07518072592898362, -0.2849948301283714, 0.04622327900476789, -0.4334319594432847], [0.9465510258143028, 1.0887408240013956, 1.0752518395441315, 0.6033041726112459, -2.709305368831169, 3.272163132395481, -2.685401586091778, 2.4719050822938606]], "labels": {"0": "low-pollution / well-ventilated", "1": "high-pollution / well-ventilated", "2": "moderate-pollution / stagnant"}}, "sites": [{"site": "site_135", "cat": 0, "cat_label": "low-pollution / well-ventilated", "pm25_mean": 29.3, "now_ugm3": 35.5, "geo": {"dist_major_road_m": 89.0, "road_len_all_300m": 3524.9, "road_len_all_1000m": 31578.6, "road_len_major_500m": 4171.1, "elevation_m": 1168.0}, "clim": {"temp_mean": 22.32, "humidity_mean": 81.79, "windspeed_mean": 1.52, "precip_mean": 0.85}}, {"site": "site_26", "cat": 0, "cat_label": "low-pollution / well-ventilated", "pm25_mean": 32.7, "now_ugm3": 35.2, "geo": {"dist_major_road_m": 1.1, "road_len_all_300m": 8839.2, "road_len_all_1000m": 59681.3, "road_len_major_500m": 5706.1, "elevation_m": 1157.0}, "clim": {"temp_mean": 22.11, "humidity_mean": 81.49, "windspeed_mean": 1.65, "precip_mean": 0.84}}, {"site": "site_29", "cat": 0, "cat_label": "low-pollution / well-ventilated", "pm25_mean": 30.3, "now_ugm3": 31.2, "geo": {"dist_major_road_m": 826.8, "road_len_all_300m": 2417.8, "road_len_all_1000m": 29671.0, "road_len_major_500m": 0.0, "elevation_m": 1176.0}, "clim": {"temp_mean": 22.16, "humidity_mean": 81.1, "windspeed_mean": 1.63, "precip_mean": 0.83}}, {"site": "site_35", "cat": 1, "cat_label": "high-pollution / well-ventilated", "pm25_mean": 44.0, "now_ugm3": 49.6, "geo": {"dist_major_road_m": 197.8, "road_len_all_300m": 3412.1, "road_len_all_1000m": 38541.9, "road_len_major_500m": 1028.6, "elevation_m": 1187.0}, "clim": {"temp_mean": 22.38, "humidity_mean": 80.7, "windspeed_mean": 1.55, "precip_mean": 0.88}}, {"site": "site_36", "cat": 0, "cat_label": "low-pollution / well-ventilated", "pm25_mean": 38.9, "now_ugm3": 34.0, "geo": {"dist_major_road_m": 166.0, "road_len_all_300m": 3699.4, "road_len_all_1000m": 31483.8, "road_len_major_500m": 946.5, "elevation_m": 1158.0}, "clim": {"temp_mean": 22.38, "humidity_mean": 80.88, "windspeed_mean": 1.61, "precip_mean": 0.95}}, {"site": "site_39", "cat": 1, "cat_label": "high-pollution / well-ventilated", "pm25_mean": 45.2, "now_ugm3": 45.4, "geo": {"dist_major_road_m": 372.1, "road_len_all_300m": 4842.3, "road_len_all_1000m": 56000.3, "road_len_major_500m": 1728.9, "elevation_m": 1166.0}, "clim": {"temp_mean": 22.17, "humidity_mean": 81.06, "windspeed_mean": 1.63, "precip_mean": 0.83}}, {"site": "site_43", "cat": 1, "cat_label": "high-pollution / well-ventilated", "pm25_mean": 37.9, "now_ugm3": 47.0, "geo": {"dist_major_road_m": 600.6, "road_len_all_300m": 3745.5, "road_len_all_1000m": 48789.4, "road_len_major_500m": 0.0, "elevation_m": 1190.0}, "clim": {"temp_mean": 22.16, "humidity_mean": 81.09, "windspeed_mean": 1.6, "precip_mean": 0.83}}, {"site": "site_44", "cat": 0, "cat_label": "low-pollution / well-ventilated", "pm25_mean": 26.6, "now_ugm3": 33.0, "geo": {"dist_major_road_m": 10.3, "road_len_all_300m": 5663.6, "road_len_all_1000m": 56919.9, "road_len_major_500m": 2125.8, "elevation_m": 1183.0}, "clim": {"temp_mean": 22.15, "humidity_mean": 81.16, "windspeed_mean": 1.62, "precip_mean": 0.83}}, {"site": "site_45", "cat": 1, "cat_label": "high-pollution / well-ventilated", "pm25_mean": 49.8, "now_ugm3": 44.0, "geo": {"dist_major_road_m": 431.4, "road_len_all_300m": 3668.5, "road_len_all_1000m": 48719.0, "road_len_major_500m": 512.6, "elevation_m": 1201.0}, "clim": {"temp_mean": 22.05, "humidity_mean": 81.3, "windspeed_mean": 1.53, "precip_mean": 0.84}}, {"site": "site_46", "cat": 0, "cat_label": "low-pollution / well-ventilated", "pm25_mean": 28.9, "now_ugm3": 30.1, "geo": {"dist_major_road_m": 1548.7, "road_len_all_300m": 4049.0, "road_len_all_1000m": 34833.0, "road_len_major_500m": 0.0, "elevation_m": 1159.0}, "clim": {"temp_mean": 22.14, "humidity_mean": 81.11, "windspeed_mean": 1.59, "precip_mean": 0.84}}, {"site": "site_47", "cat": 1, "cat_label": "high-pollution / well-ventilated", "pm25_mean": 40.2, "now_ugm3": 51.6, "geo": {"dist_major_road_m": 121.4, "road_len_all_300m": 4927.7, "road_len_all_1000m": 58033.0, "road_len_major_500m": 1723.6, "elevation_m": 1221.0}, "clim": {"temp_mean": 21.99, "humidity_mean": 81.03, "windspeed_mean": 1.44, "precip_mean": 0.83}}, {"site": "site_48", "cat": 0, "cat_label": "low-pollution / well-ventilated", "pm25_mean": 22.8, "now_ugm3": 33.6, "geo": {"dist_major_road_m": 1571.4, "road_len_all_300m": 3293.8, "road_len_all_1000m": 26780.9, "road_len_major_500m": 0.0, "elevation_m": 1198.0}, "clim": {"temp_mean": 22.17, "humidity_mean": 80.97, "windspeed_mean": 1.57, "precip_mean": 0.81}}, {"site": "site_49", "cat": 0, "cat_label": "low-pollution / well-ventilated", "pm25_mean": 30.7, "now_ugm3": 32.9, "geo": {"dist_major_road_m": 419.1, "road_len_all_300m": 3474.5, "road_len_all_1000m": 47431.9, "road_len_major_500m": 456.0, "elevation_m": 1145.0}, "clim": {"temp_mean": 22.16, "humidity_mean": 81.09, "windspeed_mean": 1.6, "precip_mean": 0.83}}, {"site": "site_51", "cat": 1, "cat_label": "high-pollution / well-ventilated", "pm25_mean": 40.0, "now_ugm3": 46.6, "geo": {"dist_major_road_m": 144.9, "road_len_all_300m": 5598.9, "road_len_all_1000m": 47074.0, "road_len_major_500m": 981.5, "elevation_m": 1188.0}, "clim": {"temp_mean": 22.28, "humidity_mean": 81.09, "windspeed_mean": 1.65, "precip_mean": 0.81}}, {"site": "site_52", "cat": 0, "cat_label": "low-pollution / well-ventilated", "pm25_mean": 30.4, "now_ugm3": 30.7, "geo": {"dist_major_road_m": 1919.5, "road_len_all_300m": 525.4, "road_len_all_1000m": 6937.9, "road_len_major_500m": 0.0, "elevation_m": 1138.0}, "clim": {"temp_mean": 22.21, "humidity_mean": 80.91, "windspeed_mean": 1.6, "precip_mean": 0.86}}, {"site": "site_53", "cat": 1, "cat_label": "high-pollution / well-ventilated", "pm25_mean": 50.6, "now_ugm3": 49.0, "geo": {"dist_major_road_m": 375.5, "road_len_all_300m": 3917.2, "road_len_all_1000m": 47756.5, "road_len_major_500m": 1215.1, "elevation_m": 1172.0}, "clim": {"temp_mean": 22.1, "humidity_mean": 80.51, "windspeed_mean": 1.48, "precip_mean": 0.74}}, {"site": "site_54", "cat": 1,